ClimateZoneAnd,UD,n_profile,n_site,n_rel,median_c,lci_c,uci_c,Derivative_1,Derivative_2
volcanic soils,1,57,15,87.6923076923077,25.68102636626164,21.555827612586285,29.395117285239877,-0.04273889181313173,-0.0854777836262599
volcanic soils,2,58,15,89.23076923076923,25.760833969798885,22.010141227096987,29.488919538077848,-0.11950009702823916,-0.08376355874443853
volcanic soils,3,58,15,89.23076923076923,25.51639786728746,21.808016504609537,29.301430526270135,-0.199166828380398,-0.07795250647032681
volcanic soils,4,59,15,90.76923076923077,24.99632068603765,21.1149816100743,28.59730749052846,-0.25849487677319516,-0.04798420446490681
volcanic soils,5,59,15,90.76923076923077,24.554932157157513,20.714405311724377,28.17686487959291,-0.3323505558512494,-0.044980307807543696
volcanic soils,6,59,15,90.76923076923077,24.00717538688686,20.359046371087118,27.696327443426437,-0.39177490818497596,-0.04498030780754192
volcanic soils,7,59,15,90.76923076923077,23.476863553390164,19.851217243258013,27.065873539183077,-0.4322011897656566,-0.04443503138470817
volcanic soils,8,59,15,90.76923076923077,22.934243070342816,19.41603163547176,26.369533961534028,-0.49869368049883533,-0.035433703755355594
volcanic soils,9,61,17,93.84615384615384,21.649046620922903,18.28089925403999,24.995853709956968,-0.5022876157153426,-0.03543370375535204
volcanic soils,10,61,17,93.84615384615384,21.056428538587447,17.70170607334494,24.175727383190647,-0.45584994241661647,-0.013662427893994078
volcanic soils,11,61,17,93.84615384615384,20.268202457593638,17.08278344050603,23.34179281523589,-0.44000682038191385,0.022560775021375434
volcanic soils,12,61,17,93.84615384615384,19.453244856531235,16.554020141742754,22.50071108506112,-0.4204143049948801,0.022560775021389645
volcanic soils,13,61,17,93.84615384615384,18.843635118207757,15.989090633185958,21.637997924547165,-0.4156647480380222,0.025007935542616266
volcanic soils,14,62,18,95.38461538461539,18.450713800788385,15.75612414010022,21.31443602859995,-0.3864418125388287,0.021076645204207267
volcanic soils,15,62,18,95.38461538461539,17.76078996185322,15.128474068135745,20.423875467268836,-0.3930707380413523,0.02378435528200029
volcanic soils,16,64,18,98.46153846153847,17.22690596228462,14.701335374131965,19.859311059278152,-0.34034811777576035,0.021323899363539844
volcanic soils,17,64,18,98.46153846153847,16.56499382415328,14.207292916305796,19.08898766369163,-0.3079862355644245,0.021323899363534515
volcanic soils,18,64,18,98.46153846153847,15.982716474460199,13.713695386095278,18.289297341047067,-0.29514994264575467,0.02804976270108206
volcanic soils,19,64,18,98.46153846153847,15.391502690476429,13.23109683950171,17.610377609392977,-0.28223428241428206,0.02804976270107673
volcanic soils,20,64,18,98.46153846153847,14.794382947666122,12.829034157815972,16.93309952459819,-0.2716454603363587,0.024115846832898136
volcanic soils,21,64,18,98.46153846153847,14.216004212341536,12.368547162448355,16.31378144412061,-0.2708245760911008,0.021323899363539844
volcanic soils,22,64,18,98.46153846153847,13.737849123284919,12.017581588982178,15.738635222588409,-0.26308524694200175,0.021323899363535403
volcanic soils,23,64,18,98.46153846153847,13.248523137374402,11.655718822623689,15.278231343590175,-0.25433940711200487,0.0241158468329008
volcanic soils,24,64,18,98.46153846153847,12.786721392264708,11.35362056788099,14.76643484239698,-0.24125488662978611,0.024115846832899912
volcanic soils,25,64,18,98.46153846153847,12.425493572398494,11.0300739683313,14.301224870157446,-0.22229675870999,0.02587025281374844
volcanic soils,26,64,18,98.46153846153847,12.055623806467676,10.731966247554963,13.9004909528682,-0.19366935710810385,0.028049762701079395
volcanic soils,27,64,18,98.46153846153847,11.806700899794524,10.457016559968167,13.542094501555763,-0.17428843356089718,0.021148923126800057
volcanic soils,28,64,18,98.46153846153847,11.594607146111189,10.244438007040193,13.256229062208124,-0.1392247948215406,0.021148923126796504
volcanic soils,29,64,18,98.46153846153847,11.392204849230072,10.104610835587424,13.032333144126833,-0.10353401730743972,0.021148923126805386
volcanic soils,30,64,18,98.46153846153847,11.287106888468035,10.000770264939511,12.805850643019115,-0.07789849305759255,0.012680013918823896
volcanic soils,31,65,18,100,11.04625165674857,9.82211076201864,12.577751373483538,-0.056820372060622404,4.129890398907321e-4
volcanic soils,32,65,18,100,11.002558095522293,9.758657389558016,12.40806136748494,-0.05710474374977359,4.129890398907321e-4
volcanic soils,33,65,18,100,10.952051071552376,9.679540291931366,12.215384942110212,-0.05653939269310726,4.129890398898439e-4
volcanic soils,34,65,18,100,10.874248859367711,9.603806228791727,12.09449820657576,-0.05597404163643738,3.9793760421424906e-4
volcanic soils,35,65,18,100,10.804795105726736,9.530805927313036,12.013622470832512,-0.06056117112939319,3.9793760421069635e-4
volcanic soils,36,65,18,100,10.737723870964704,9.482038269566178,11.929535900579063,-0.061496370896588104,7.475706214643552e-5
volcanic soils,37,65,18,100,10.65485092398053,9.390959604167389,11.841606904176675,-0.05442545305558788,1.7763568394002505e-15
volcanic soils,38,65,18,100,10.609603909105216,9.31944903620343,11.747949395487764,-0.053712637409757846,7.47570621468796e-5
volcanic soils,39,65,18,100,10.528449841236649,9.242005405085585,11.676607186745722,-0.05223673038465115,3.9793760420892e-4
volcanic soils,40,65,18,100,10.459634063563744,9.178339547285601,11.590866973398057,-0.05258193529641986,4.2057111207149944e-4
volcanic soils,41,65,18,100,10.419519827363814,9.103958359138645,11.534753700924853,-0.054127512329580796,0
volcanic soils,42,65,18,100,10.327012092687617,9.047588344883264,11.454601142207304,-0.05237203790936107,3.9793760421424906e-4
volcanic soils,43,65,18,100,10.279343585660392,8.966160658054466,11.359868158872965,-0.05463650013962784,1.1102230246251565e-16
volcanic soils,44,65,18,100,10.20022834426547,8.912640185130089,11.278415878292844,-0.055236442578376455,1.1102230246251565e-16
volcanic soils,45,65,18,100,10.136655426046495,8.855182876159883,11.233510258187748,-0.06190482594952762,-4.440892098500626e-16
volcanic soils,46,65,18,100,10.081322051870444,8.821980055476327,11.139776606851674,-0.05968869719257741,-5.999424387432839e-4
volcanic soils,47,65,18,100,10.009277942627072,8.744851476282212,11.064990079618108,-0.061612211705250886,-5.999424387432839e-4
volcanic soils,48,65,18,100,9.94461934019116,8.68238764279252,11.003903224914861,-0.06702381337665786,-5.99942438748613e-4
volcanic soils,49,65,18,100,9.88608290120883,8.597575745032232,10.898743283055236,-0.06586094434631384,-1.2422108104881424e-4
volcanic soils,50,65,18,100,9.81825901937139,8.541037493206085,10.819710768348202,-0.06973316886666048,2.220446049250313e-16
volcanic soils,51,65,18,100,9.761026247637547,8.470661194942325,10.747134987460322,-0.07181101071664386,0.002450723063800453
volcanic soils,52,65,18,100,9.672440745852164,8.403551344031175,10.65646983987137,-0.06977092518491901,0.0024507230637933475
volcanic soils,53,65,18,100,9.626173497598185,8.355127491780937,10.58874207500044,-0.06773083965319593,0.0024680975834172614
volcanic soils,54,65,18,100,9.544828959294065,8.277760554813916,10.51158467463096,-0.0656907541214764,0.0024680975834181496
volcanic soils,55,65,18,100,9.486844912811938,8.215264064982158,10.424316409343415,-0.06320569896495343,0.0024680975834190377
volcanic soils,56,65,18,100,9.435098784825879,8.14958640777046,10.36384070910714,-0.060572128174742446,0.0024507230637986765
volcanic soils,57,65,18,100,9.3667527234669,8.085310697685257,10.30951924285413,-0.0579385573845439,0.0021462780008700832
volcanic soils,58,65,18,100,9.304827106168164,8.063036325603008,10.228480194422959,-0.05530498659433469,0.0021462780008700832
volcanic soils,59,65,18,100,9.252361385140706,8.01475284084134,10.150415374120962,-0.054719137392292394,0.0021462780008709714
volcanic soils,60,65,18,100,9.217706495732346,7.93895852489006,10.088394735007979,-0.05243973950021186,0.002459410323607525
volcanic soils,61,63,18,96.92307692307692,9.190899784117669,7.819514874446556,10.14004779268864,-0.050053495851575924,0.0026329161060161255
volcanic soils,62,62,18,95.38461538461539,9.026868447718556,7.6119489411954175,9.927309778157186,-0.048032243623817195,0.002577675621706632
volcanic soils,63,62,18,95.38461538461539,8.961405851790115,7.570082472275188,9.876253802884875,-0.045768326915362145,0.002577675621706632
volcanic soils,64,62,18,95.38461538461539,8.903674092312233,7.5102740467676945,9.841955900559391,-0.04194642197496279,0.0024955937025019637
volcanic soils,65,62,18,95.38461538461539,8.85164261444697,7.450558032956668,9.805869808338322,-0.038906579587587586,0.0024680975834181496
volcanic soils,66,60,18,92.3076923076923,8.604582559355137,7.141481271009747,9.645615949862862,-0.03619794520579944,0.0025776756217075203
volcanic soils,67,59,18,90.76923076923077,8.484785897245306,6.997151082398604,9.56132202534852,-0.03555389554182575,0.0025776756217039676
volcanic soils,68,58,18,89.23076923076923,8.347776654979754,6.892716782087262,9.51743889737055,-0.03673617142880037,0.0026329161060152373
volcanic soils,69,56,17,86.15384615384616,8.448671172801845,7.002137785940584,9.57881585151846,-0.03122365530618687,0.002632261421824822
volcanic soils,70,56,17,86.15384615384616,8.391849345873046,6.945717161651729,9.530192363278633,-0.032397981353336824,0.002459410323607525
volcanic soils,71,53,17,81.53846153846153,8.802041755274324,7.542815866922307,9.821945686477589,-0.028471461511663243,0.0025230898215848896
volcanic soils,72,52,16,80,8.777132943369457,7.469073788787216,9.883682343643631,-0.028530244158154083,0.0025776756217084085
volcanic soils,73,51,16,78.46153846153847,8.775305383915764,7.432936059973697,9.951426525095965,-0.02081452202572276,0.002523089821586666
volcanic soils,74,50,16,76.92307692307692,8.891099877248479,7.57951638920451,10.01920799642061,-0.02060675888227914,0.002459410323607081
volcanic soils,75,49,15,75.38461538461539,8.828437731571888,7.510144941208993,9.988341046007086,-0.018448282619330847,0.0022985005323334917
volcanic soils,76,48,15,73.84615384615384,8.83700606548339,7.465358783406829,10.058545248200879,-0.014614839476766672,0.00229850053233438
volcanic soils,77,46,15,70.76923076923077,8.687707827496126,7.334775136533439,9.98445209974844,-0.015091489254603019,0.002450723063795124
volcanic soils,78,46,15,70.76923076923077,8.666577939748734,7.2874864805324755,9.952912600583176,-0.013176706093644297,0.0024680975834181496
volcanic soils,79,45,15,69.23076923076923,8.592343551529007,7.151856859829237,9.859685850044375,-0.014424731217595799,0.0024507230637969
volcanic soils,80,41,15,63.07692307692308,8.46911988733656,6.9082048608056095,9.86687425064612,-0.013050947292110093,0.002146278000869195
volcanic soils,81,39,14,60,8.568746553279585,6.962753311525837,9.87591032519336,-0.011677163366625498,0.0022985005323330476
volcanic soils,82,39,14,60,8.52723472990641,6.941995906490785,9.863438357653683,-0.010197869363743894,0.0024507230637986765
volcanic soils,83,38,13,58.46153846153846,8.422279774646844,6.8243737363970265,9.820105862862182,-0.00892959551565431,0.0024507230637969
volcanic soils,84,37,13,56.92307692307692,8.25080607301133,6.685218131092279,9.643951296401926,-0.008577530723288262,0.0024507230637969
volcanic soils,85,37,13,56.92307692307692,8.254904424922012,6.71297117156916,9.633074263026852,-0.007128084174929938,0.0024361970022610535
volcanic soils,86,33,12,50.76923076923077,8.25865637764099,6.58220802811227,9.660064388224553,-0.00527811937052558,0.0016979788138193896
volcanic soils,87,31,12,47.69230769230769,8.013533748832819,6.364964347081436,9.521316758536308,-0.004138394424719749,0.0015358813696468854
volcanic soils,88,29,12,44.61538461538461,7.742903535597398,6.086593394508693,9.392875460308966,-0.0028776184288572537,-3.379026343699465e-4
volcanic soils,89,24,11,36.92307692307692,7.369938782896964,5.605416830181057,9.343623564068093,-5.798176835574154e-4,0.0019948677898025124
volcanic soils,90,20,10,30.76923076923077,7.397891099279012,5.243905765305241,9.745614346352657,-0.006003254278553527,-0.0015919644076731743
volcanic soils,91,15,9,23.076923076923077,7.354835133759385,4.650951710971684,10.039452113873796,0.013416660976233175,-0.002712648057582978
volcanic soils,92,11,8,16.923076923076923,7.299920926341738,3.323330369794525,11.675866407787858,0.009140938756438732,-3.575611105055554e-4
volcanic soils,93,10,7,15.384615384615385,7.449859373166365,3.3483296931941418,12.07763825429962,-4.131594193598209e-4,8.768421866611753e-4
volcanic soils,94,8,6,12.307692307692308,6.950667744268495,1.749668789194595,12.72180189147388,-0.005699474213300748,0.0015189963732833434
volcanic soils,95,7,5,10.76923076923077,6.942217729603312,1.1727408151645116,12.734855647600773,-0.005273785525314628,5.073962622946238e-4
volcanic soils,96,6,5,9.23076923076923,6.034880275053283,0.49277160225622973,13.819399396580716,-0.004766389263020004,8.768421866611753e-4
volcanic soils,97,6,5,9.23076923076923,6.041298529705038,0.4871846135701668,13.767188506148331,-0.0054490383481354265,8.768421866616194e-4
volcanic soils,98,5,5,7.6923076923076925,3.332094448627636,0.48173557522203136,13.720473498919354,-0.0053110880102079094,8.768421866618414e-4
volcanic soils,99,5,5,7.6923076923076925,3.344403335630063,0.47642448721182346,13.679254374893786,-0.005173137672280503,NA
volcanic soils,100,5,5,7.6923076923076925,3.3605726894156467,0.47125134953954295,13.643531134071628,NA,NA
tundra/polar,1,23,17,85.18518518518519,4.179577103502002,2.9538572811177106,6.601398889082649,-0.0032711079033436175,-0.006542215806687013
tundra/polar,2,23,17,85.18518518518519,4.182541763531583,2.9485570972749664,6.598860748923178,-0.00981332371003063,-0.006542215806687013
tundra/polar,3,23,17,85.18518518518519,4.166503010000337,2.9286780518668585,6.591246328444764,-0.016355539516717643,-0.005217820408509599
tundra/polar,4,23,17,85.18518518518519,4.136440987390699,2.8888663713835334,6.5785556276474075,-0.022897755323404878,-0.005217820408510043
tundra/polar,5,23,17,85.18518518518519,4.135898801787825,2.8831414260880655,6.540512602243519,-0.02943997113009167,-0.0020849498327757954
tundra/polar,6,24,18,88.88888888888889,4.080561226160285,2.9151011781911094,5.738710362352812,-0.032340099591791516,-0.0012243513340127465
tundra/polar,7,24,18,88.88888888888889,4.04929673271214,2.8806848832050704,5.823741705296685,-0.04645388077582813,-0.00122435133401258
tundra/polar,8,24,18,88.88888888888889,3.994300287865503,2.7792437909509395,5.897153603005956,-0.04916067837241034,-0.0012243513340127465
tundra/polar,9,24,18,88.88888888888889,3.9490192591061213,2.716510042802514,5.895159025740664,-0.047367416140261076,-3.424473364477265e-4
tundra/polar,10,24,18,88.88888888888889,3.8935974793575343,2.637545923503433,5.597731809789657,-0.04640726465342593,-0.0011196249415466042
tundra/polar,11,24,18,88.88888888888889,3.90824342241657,2.560920208289292,5.411990919473139,-0.05156873795812533,-7.577894405881302e-4
tundra/polar,12,25,19,92.5925925925926,3.9677811185742575,2.682210542318983,5.966551021083547,-0.053905943153989,-3.6375283524936464e-4
tundra/polar,13,26,20,96.29629629629629,4.123417601457821,2.6903185576396327,6.844878323234353,-0.05272056400405267,-0.00267066242345404
tundra/polar,14,26,20,96.29629629629629,3.9284683444618342,2.6287459933404067,6.87184423341393,-0.0589686589928296,-0.002670662423453818
tundra/polar,15,26,20,96.29629629629629,3.855884677323182,2.548189968132278,6.926132527834503,-0.05515484088674194,-1.8187641762645868e-4
tundra/polar,16,27,21,100,3.613909534709176,2.3339829914154206,6.5692832422499094,-0.05851324733769925,1.3322676295501878e-15
tundra/polar,17,27,21,100,3.5459143372903865,2.282426326296003,6.475884494723798,-0.07116862525090073,8.121516165012221e-4
tundra/polar,18,26,21,96.29629629629629,3.622205817009838,2.320776582763233,6.705280095545874,-0.07469871294117464,8.121516164998899e-4
tundra/polar,19,26,21,96.29629629629629,3.5001134775608658,2.2641105038527196,6.661943792343404,-0.08217132164987262,8.121516164994319e-4
tundra/polar,20,26,21,96.29629629629629,3.428705117410726,2.2088249791699845,6.57013364429408,-0.07305653317110794,0.001942196459548573
tundra/polar,21,26,21,96.29629629629629,3.3623928559662573,2.148693613500982,6.3714082726963355,-0.06441177459704861,0.001942196459549017
tundra/polar,22,26,21,96.29629629629629,3.2951906069386823,2.086379622200465,6.132698333116489,-0.06498768762001261,0.001942196459548573
tundra/polar,23,26,21,96.29629629629629,3.197687631027254,2.075074507372741,5.9455582628573485,-0.06458552043981303,0.0026901773110483695
tundra/polar,24,26,21,96.29629629629629,3.110970465950844,2.0360952608427887,5.702963726457051,-0.0632052730564504,0.0024399747707354313
tundra/polar,25,26,21,96.29629629629629,3.0804519940689303,1.9765720946493055,5.426964129139134,-0.06082731675533648,0.0016593605646968018
tundra/polar,26,27,22,100,3.043861629735302,2.0323121814338787,5.009136548798342,-0.051363228699551566,0.00162430323299885
tundra/polar,27,27,22,100,3.0086721945503205,2.004146019612249,4.75563131415288,-0.051204281891168435,0.002655579822864018
tundra/polar,28,27,22,100,2.968978151941661,1.9721993915271951,4.609505591020033,-0.04944655260965969,0.0026555798228649063
tundra/polar,29,26,21,96.29629629629629,3.0887947465704917,2.118217176473677,4.666345756673621,-0.035774694613534,0.0017018687074348282
tundra/polar,30,26,21,96.29629629629629,3.05059290881056,2.093007760697035,4.49637275856061,-0.049842384683699836,0.0014397982477191984
tundra/polar,31,20,17,74.07407407407408,3.180234098188418,1.7306038590455517,6.294960332769004,-0.04422424294274574,1.3322676295501878e-15
tundra/polar,32,20,17,74.07407407407408,3.0538750666474277,1.6897753046277553,6.270529668460055,-0.04114957766298921,3.3306690738754696e-16
tundra/polar,33,20,17,74.07407407407408,2.9653475682384958,1.6634804569698705,6.233901218072737,-0.03807491238323257,2.220446049250313e-15
tundra/polar,34,20,17,74.07407407407408,2.902399416848545,1.662793456920105,6.197272767685419,-0.0350002471034756,1.0547118733938987e-15
tundra/polar,35,20,17,74.07407407407408,2.8477302163619034,1.6235530935730704,6.160644317298103,-0.03192558182371941,3.3306690738754696e-16
tundra/polar,36,20,17,74.07407407407408,2.7834751649654894,1.6001395571113834,6.124015866910785,-0.028850916543962657,9.43689570931383e-16
tundra/polar,37,20,17,74.07407407407408,2.7077143632114904,1.5825003707008327,6.087387416523468,-0.02577625126420635,4.440892098500626e-16
tundra/polar,38,20,17,74.07407407407408,2.6374982660064616,1.5659858702865521,5.919753120904479,-0.023212447751993937,3.552713678800501e-15
tundra/polar,39,19,16,70.37037037037037,2.679905574042179,1.6181162502487,5.735560350423761,-0.022873541966446198,4.440892098500626e-16
tundra/polar,40,19,16,70.37037037037037,2.658139331793233,1.5894656414946124,5.502113377476659,-0.022873541966445976,1.7763568394002505e-15
tundra/polar,41,19,16,70.37037037037037,2.6272410687453975,1.5520924937503204,5.11316294973913,-0.02287354196644631,3.3306690738754696e-16
tundra/polar,42,19,16,70.37037037037037,2.55234102938803,1.466794452527994,4.768557373814004,-0.022876048218029243,5.614461677896365e-4
tundra/polar,43,19,16,70.37037037037037,2.48884586543127,1.4290209859558538,4.4682966497012835,-0.023276169961128357,4.996003610813204e-16
tundra/polar,44,18,15,66.66666666666667,2.6144993433796766,1.4952751613353055,5.237226886086975,-0.022714723793339442,1.7904246757949327e-4
tundra/polar,45,18,15,66.66666666666667,2.6529655528932343,1.4397675888376675,4.990757255733236,-0.022153277625549972,0.0014922435847098126
tundra/polar,46,18,15,66.66666666666667,2.7325084151846855,1.4019438006135378,4.854718132142957,-0.021591831457760835,0.0014922435847096044
tundra/polar,47,18,15,66.66666666666667,2.7411509634862385,1.3894617465966985,4.8378510768270875,-0.022717728465957876,3.5808493515554485e-4
tundra/polar,48,18,15,66.66666666666667,2.703449788642324,1.3784719361645688,4.742015660226887,-0.029737839980288783,3.580849351558779e-4
tundra/polar,49,17,14,62.96296296296296,2.748491652921491,1.5401640200279052,5.482926683094798,-0.022873541966446198,1.7904246757777242e-4
tundra/polar,50,17,14,62.96296296296296,2.6864518293019692,1.4793578998337837,5.490946071081812,-0.03104849149374478,1.7904246757804998e-4
tundra/polar,51,16,13,59.25925925925926,2.8064444309336176,1.335999928614091,5.721528862562051,-0.02742069688067189,3.3749835107542425e-4
tundra/polar,52,16,13,59.25925925925926,2.741817675514578,1.3202664055510631,5.685902606804742,-0.023792902267598948,3.3749835107549364e-4
tundra/polar,53,16,13,59.25925925925926,2.6792647463269175,1.3034984636746632,5.663578046868531,-0.020337951328109727,3.374983510753618e-4
tundra/polar,54,16,13,59.25925925925926,2.6187856433706367,1.28569610298489,5.634871202723138,-0.020855160734796208,3.69655317298323e-4
tundra/polar,55,16,13,59.25925925925926,2.5603803666457363,1.2758859045616622,5.606343401045321,-0.02118175729176225,5.60268167018374e-4
tundra/polar,56,16,13,59.25925925925926,2.5040489161522155,1.2475156210894074,5.62225158191057,-0.021317740999008183,7.624513988816473e-4
tundra/polar,57,16,13,59.25925925925926,2.4503413220580152,1.2201451415176923,5.599097593803831,-0.0219400359432651,7.624513988814252e-4
tundra/polar,58,15,12,55.55555555555556,2.034143568568893,1.0409269721844494,5.49911475567921,-0.02020496207036082,5.464868767343645e-4
tundra/polar,59,15,12,55.55555555555556,2.0074575693160237,1.038850381200192,5.483333712669176,-0.02172569212074521,3.5248511810115346e-4
tundra/polar,60,14,11,51.851851851851855,1.7558751800567702,0.922609607079224,5.471180464272217,-0.02101866800324531,3.5248511810165306e-4
tundra/polar,61,14,11,51.851851851851855,1.7281164941266836,0.9559420583196384,5.46265501048833,-0.015682868451160376,2.672838450111792e-4
tundra/polar,62,14,11,51.851851851851855,1.7184913067499434,0.9759371047708452,5.4559434540109795,-0.008546202349979382,2.672838450113804e-4
tundra/polar,63,14,11,51.851851851851855,1.7114731853215512,0.965197168948583,5.449231897533629,-0.007664963434792504,2.672838450116233e-4
tundra/polar,64,14,11,51.851851851851855,1.708905074077467,0.9739489199684879,5.434498673792049,-0.006783724519605183,2.6728384501115837e-4
tundra/polar,65,14,11,51.851851851851855,1.6955734619079537,0.9578668448208403,5.397369840297448,-0.005902485604418306,2.6728384501161634e-4
tundra/polar,66,14,11,51.851851851851855,1.6786407339873386,0.9760791604016517,5.389013624762042,-0.005021246689231207,2.6728384501117225e-4
tundra/polar,67,14,11,51.851851851851855,1.6683406349827767,0.966107526855909,5.365112483179606,-0.004140007774044552,2.672838450113804e-4
tundra/polar,68,14,11,51.851851851851855,1.6579055536526504,0.9468084625730657,5.34107549551068,-0.0032587688588572306,2.672838450116233e-4
tundra/polar,69,14,11,51.851851851851855,1.633626646184702,0.9184273344535872,5.316902661755263,-0.0023775299436705755,1.876823889756657e-4
tundra/polar,70,14,11,51.851851851851855,1.6217768297005546,0.9401899797405774,5.292593981913355,-0.002284785792303623,1.8768238897570733e-4
tundra/polar,71,13,10,48.148148148148145,1.3542880984192491,0.8819143878234992,5.395539445714823,-0.001937900491256972,1.8768238897567957e-4
tundra/polar,72,13,10,48.148148148148145,1.3625047627080011,0.8734257554122433,5.388827889237472,-0.0015910151902094327,1.8768238897567957e-4
tundra/polar,73,13,10,48.148148148148145,1.3465160239683938,0.8661285831214545,5.3821163327601225,-0.0013524172146777425,3.4688530104709514e-4
tundra/polar,74,13,10,48.148148148148145,1.3138477633003383,0.8619664690739856,5.375404776282772,-0.001164734825702049,3.4688530104709514e-4
tundra/polar,75,13,10,48.148148148148145,1.3141433348123304,0.8551086189012778,5.338235758383256,-9.770524367263694e-4,3.4688530104709514e-4
tundra/polar,76,11,9,40.74074074074074,1.489948712716175,0.7858582817854212,5.857714007306271,-7.893700477506829e-4,3.4688530104665105e-4
tundra/polar,77,11,9,40.74074074074074,1.4971830593133482,0.7868855734218854,5.866713048735096,-6.016876587749895e-4,3.4688530104753923e-4
tundra/polar,78,11,9,40.74074074074074,1.4893703321240421,0.7592142511723785,5.872596327327911,-4.1400526979931684e-4,3.2895538837046656e-4
tundra/polar,79,11,9,40.74074074074074,1.4759857287664557,0.7327956098607171,5.87536384308472,-8.052212597218916e-4,2.6935481281820106e-4
tundra/polar,80,10,8,37.03703703703704,1.2696850242647773,0.6236784805342487,4.631497080944059,2.6496674183287133e-4,2.6935481281775697e-4
tundra/polar,81,10,8,37.03703703703704,1.2843925302720296,0.6353081349845296,4.60458988589248,7.92600742800742e-4,2.6935481281825657e-4
tundra/polar,82,10,8,37.03703703703704,1.2931623932422864,0.6468492518383637,4.578063916540343,9.650916570720924e-4,2.6935481281770146e-4
tundra/polar,83,10,8,37.03703703703704,1.282444665474354,0.6396478539925288,4.551919172887647,0.0011375825713430057,1.9182432458908494e-4
tundra/polar,84,10,8,37.03703703703704,1.2795895391396217,0.619492617370096,4.52615565493439,0.002571608422355265,0
tundra/polar,85,9,7,33.333333333333336,1.3318615939728204,0.8181736756703052,4.859984050265423,0.002918493723403248,0
tundra/polar,86,9,7,33.333333333333336,1.3404335796113174,0.8271528832997372,4.817406923469513,0.0029382801066812902,-1.903472504831416e-6
tundra/polar,87,9,7,33.333333333333336,1.34543391754992,0.8353791157098003,4.794562136997717,0.0026309675721911674,-1.9034725048175383e-6
tundra/polar,88,9,7,33.333333333333336,1.3555343834037845,0.8208793430302886,4.771813262688216,0.0023236550377019327,-1.9034725048175383e-6
tundra/polar,89,9,7,33.333333333333336,1.3611531211484622,0.803019032553258,4.749160300541009,0.002016342503212254,-9.517362533073559e-7
tundra/polar,90,9,7,33.333333333333336,1.3656357628603182,0.7851577703399748,4.726603250556096,8.730738412833228e-4,-9.517362524087691e-7
tundra/polar,91,8,6,29.62962962962963,1.2119333648003143,0.5050873257783244,4.943657057696269,7.184658377860746e-4,-9.517362541920649e-7
tundra/polar,92,8,6,29.62962962962963,1.2074412663239296,0.5079313866427644,4.923277891135041,5.638578342888195e-4,-9.517362523012163e-7
tundra/polar,93,8,6,29.62962962962963,1.2141989715888228,0.5108704079332465,4.880205438924488,4.0924983079178995e-4,-9.51736254185126e-7
tundra/polar,94,8,6,29.62962962962963,1.2208598377703324,0.5139043896497704,4.837132986713937,2.5464182729431975e-4,-9.517362525232609e-7
tundra/polar,95,8,6,29.62962962962963,1.2274238648684583,0.5170333317923366,4.794060534503385,1.0003382379729017e-4,-9.517362524087691e-7
tundra/polar,96,8,6,29.62962962962963,1.2338910528832003,0.5202572343609445,4.7509880822928325,-5.4574179700180026e-5,0
tundra/polar,97,8,6,29.62962962962963,1.2367486807547556,0.5235760973555945,4.70791563008228,-2.0918218319721654e-4,0
tundra/polar,98,8,6,29.62962962962963,1.2232542179896966,0.5269899207762867,4.664843177871729,-3.637901866944647e-4,-8.881784197001252e-16
tundra/polar,99,8,6,29.62962962962963,1.2222915619136767,0.5304987046230208,4.621770725661177,-5.183981901914943e-4,NA
tundra/polar,100,8,6,29.62962962962963,1.2269557439160526,0.5341024488957969,4.578698273450625,NA,NA
cold temperate,1,142,76,92.20779220779221,4.908038454515135,4.298534849232066,5.678944215324783,-0.013851743145102402,-0.027703486290205248
cold temperate,2,144,78,93.50649350649351,4.926152084139614,4.316605555269687,5.7056648248777275,-0.040591449685429604,-0.02781451357207798
cold temperate,3,146,79,94.8051948051948,4.842040382524937,4.251645956496572,5.573890884548102,-0.06925871572551268,-0.023247629527153313
cold temperate,4,146,79,94.8051948051948,4.729684283918548,4.167844762700116,5.454579783896989,-0.09735079750227493,-0.02265010078316898
cold temperate,5,146,79,94.8051948051948,4.597629670665194,4.054500912708297,5.29305414270966,-0.1251653110743547,-0.010358402933532407
cold temperate,6,149,81,96.75324675324676,4.450979481193581,3.9214904690796635,5.084037084143629,-0.13943809633507875,-7.568039078853506e-4
cold temperate,7,149,81,96.75324675324676,4.254212176023568,3.7505303399858025,4.791114448433839,-0.1489062036897486,0
cold temperate,8,151,83,98.05194805194805,4.00582557038009,3.5420958115347982,4.490999855341921,-0.1416625868707082,0
cold temperate,9,152,83,98.7012987012987,3.7977103209193053,3.3825090127831103,4.2668463790525415,-0.13227902275669723,2.220446049250313e-16
cold temperate,10,153,84,99.35064935064935,3.637892908582603,3.231060412423756,4.099836318243163,-0.12567180832835456,3.02443477581571e-4
cold temperate,11,153,84,99.35064935064935,3.4495531062506464,3.05374820301199,3.9148307205623527,-0.1254310297870289,0.006199782275023491
cold temperate,12,153,84,99.35064935064935,3.277768498661607,2.8841497933544376,3.722568111147578,-0.11638606194690215,0.00714662201874372
cold temperate,13,153,84,99.35064935064935,3.1137217397385246,2.727795615332486,3.5538065808484456,-0.10542988311914736,0.006993816664619734
cold temperate,14,153,84,99.35064935064935,2.971553729051083,2.5862124751127498,3.3810972879690215,-0.09790193860957097,0.006993816664620178
cold temperate,15,153,84,99.35064935064935,2.821637991490587,2.456504193413648,3.2164974374545112,-0.08572405817512241,0.006199782275023269
cold temperate,16,153,84,99.35064935064935,2.692829977051744,2.331965079089854,3.0716315740033093,-0.08325117821609362,0.004641697909128162
cold temperate,17,154,85,100,2.5483764611380026,2.2145864320753263,2.9033990791576287,-0.07328272254983281,0.0039000711365348995
cold temperate,18,154,85,100,2.4274070609937644,2.114814763606341,2.770721296416103,-0.0663930855865541,0.0039000711365353435
cold temperate,19,154,85,100,2.3190929332284007,2.015340155719118,2.6492185188396733,-0.06366938691939472,0.0022812341443307904
cold temperate,20,154,85,100,2.2255145719186635,1.9307855593029015,2.535560897141419,-0.05793023794433583,0.002194610243067996
cold temperate,21,144,83,93.50649350649351,2.081377995909737,1.7957809819674633,2.394469680377748,-0.054497646659752375,0.0013688327084370178
cold temperate,22,144,83,93.50649350649351,1.999172980513725,1.720859470699911,2.290654572353029,-0.050166959404950306,0.0013688327084361296
cold temperate,23,144,83,93.50649350649351,1.9201255630124483,1.6561109552586055,2.1967782189262697,-0.04816500081231856,0.0013233545731943241
cold temperate,24,145,84,94.15584415584415,1.8476503804066216,1.5948628692212616,2.1111343419839197,-0.04395396481989544,0.0013504847488030602
cold temperate,25,145,84,94.15584415584415,1.7805046943025655,1.5307975540277952,2.03168283666893,-0.04252950659793542,0.0012626461568326919
cold temperate,26,145,84,94.15584415584415,1.7086152443511915,1.4734391090610326,1.9568682836169344,-0.04012403362788319,0.001265111920826456
cold temperate,27,143,83,92.85714285714286,1.6710276698222108,1.4356725212370476,1.9091451608950678,-0.03702801814375434,0.0011915593200805263
cold temperate,28,143,83,92.85714285714286,1.6154759741157783,1.3894482103427215,1.8470063258137404,-0.03594923237962333,0.0012626461568325809
cold temperate,29,144,84,93.50649350649351,1.5770616572757739,1.3563828844782309,1.8071983017184583,-0.03229915493848712,0.0010296299528713693
cold temperate,30,144,84,93.50649350649351,1.5280764048266686,1.3119479793187605,1.7547743328676602,-0.03379166085136087,0.0010296299528713693
cold temperate,31,131,77,85.06493506493507,1.5070515051829614,1.2803328994647463,1.750227208442157,-0.03165432919777755,9.084367733011023e-4
cold temperate,32,131,77,85.06493506493507,1.460857316089484,1.2400251254876404,1.7018754954629183,-0.03137074385935823,0.001003342107392946
cold temperate,33,130,76,84.41558441558442,1.427127296231582,1.2168972686742727,1.6661018686437066,-0.029788504406849436,9.564995068244431e-4
cold temperate,34,130,76,84.41558441558442,1.3854308195399274,1.1821380988812629,1.618665925594775,-0.02795407006187861,8.848892857816759e-4
cold temperate,35,130,76,84.41558441558442,1.3400470392177404,1.1451541556332099,1.5693063230189135,-0.02594184833500357,8.841861047899358e-4
cold temperate,36,130,76,84.41558441558442,1.3003441989694928,1.1152084884748754,1.527568900248211,-0.024723164561121003,8.834829237989172e-4
cold temperate,37,130,75,84.41558441558442,1.2624976143063613,1.0805427879833476,1.4879233367373184,-0.02439316055096119,8.841861047901023e-4
cold temperate,38,130,75,84.41558441558442,1.2228694830194322,1.04457394244829,1.446624398881649,-0.024259888698834553,8.834829237988062e-4
cold temperate,39,130,75,84.41558441558442,1.1844846737616863,1.0130315446009395,1.4040821048230492,-0.02323869504535947,8.220203458167707e-4
cold temperate,40,129,74,83.76623376623377,1.1615361777329767,0.9933416213622386,1.3821391170914346,-0.02001203675340646,8.54087263764014e-4
cold temperate,41,128,74,83.11688311688312,1.1146224891550884,0.9553622428541232,1.3238613670001105,-0.01950752397033817,7.380157399068943e-4
cold temperate,42,128,74,83.11688311688312,1.0870936607842079,0.9316502451236038,1.2904156846025572,-0.01840376746592587,6.454532100359511e-4
cold temperate,43,128,74,83.11688311688312,1.0617497049740345,0.906149202084861,1.250813514663172,-0.017894358938575633,6.12233838481524e-4
cold temperate,44,128,74,83.11688311688312,1.0379699382139314,0.8851208325404785,1.2217068203653398,-0.017749103542112676,5.813650628636036e-4
cold temperate,45,127,74,82.46753246753246,1.0185025396105751,0.8742044017947755,1.2007006643591414,-0.01721176135027444,5.644891629335569e-4
cold temperate,46,125,74,81.16883116883118,0.9889477640704205,0.8460487223671364,1.1734748214282438,-0.01634809353814981,5.340902162870309e-4
cold temperate,47,125,74,81.16883116883118,0.9674137357663706,0.8275628311665446,1.1470193380107352,-0.015593446694475877,5.06019006298028e-4
cold temperate,48,125,74,81.16883116883118,0.9471913680596358,0.811559930341034,1.1215678048456958,-0.01461186347019286,5.434665486177687e-4
cold temperate,49,124,74,80.51948051948052,0.934642748927788,0.798047283730374,1.1105341501356722,-0.013852766945375211,5.531833355700844e-4
cold temperate,50,124,74,80.51948051948052,0.9185097500128327,0.7811839426359761,1.092736552185091,-0.012522560170298291,5.164991013140718e-4
cold temperate,51,121,72,78.57142857142857,0.8833888860571839,0.7485898918408652,1.047727474536937,-0.011917306350314072,3.2997302810680584e-4
cold temperate,52,119,70,77.27272727272727,0.8789411864066743,0.7454659280036777,1.044141605408523,-0.011457164382002394,3.140265177948298e-4
cold temperate,53,116,69,75.32467532467533,0.8651988532738147,0.7287910637720393,1.0366000072461468,-0.011207956818883757,3.0944297690280176e-4
cold temperate,54,113,68,73.37662337662337,0.8500452846007195,0.7056455350010299,1.0296049173721167,-0.01033210488596703,2.407536636426233e-4
cold temperate,55,113,68,73.37662337662337,0.8371592190375967,0.6957282915304175,1.0132585269158392,-0.009997446373850805,3.094429769027185e-4
cold temperate,56,111,67,72.07792207792208,0.82355225365515,0.6841506933529758,0.9904813024358186,-0.009189333333333327,2.346943108126609e-4
cold temperate,57,111,67,72.07792207792208,0.8138008285872415,0.6759299922537806,0.9780041035735532,-0.007899266666666405,2.480945737765028e-4
cold temperate,58,111,67,72.07792207792208,0.8033379719795716,0.6688011382053127,0.9646012571539389,-0.007244997356098293,2.3411268227305215e-4
cold temperate,59,110,67,71.42857142857143,0.7976998257393034,0.6654812649162667,0.9655009531782786,-0.006951323773424195,2.2771460480985883e-4
cold temperate,60,108,66,70.12987012987013,0.8055124237944218,0.6758445608430673,0.9682081735570993,-0.008813051748875034,2.4075366364273432e-4
cold temperate,61,92,61,59.74025974025974,0.7354648428015798,0.6072548682286918,0.9025649810657412,-0.00848448423166187,2.1280769648612807e-4
cold temperate,62,92,61,59.74025974025974,0.7277099402469459,0.6027527665923091,0.8907381199153939,-0.008270400000000011,2.1543673717572265e-4
cold temperate,63,89,60,57.79220779220779,0.7199984083627375,0.593443432021291,0.8869312017089426,-0.007657777777777763,1.8525551670495188e-4
cold temperate,64,89,60,57.79220779220779,0.7137136232915104,0.5850286073559812,0.8809295150111918,-0.007045155555555627,2.1280769648601705e-4
cold temperate,65,89,60,57.79220779220779,0.7060409965914907,0.5768363225788113,0.8695546499869735,-0.0064325333333333234,2.141222168308976e-4
cold temperate,66,87,58,56.493506493506494,0.6986567863631836,0.5643352386872794,0.8694525478466224,-0.007035692553691464,1.990316065955816e-4
cold temperate,67,86,58,55.84415584415584,0.6917714371519239,0.555935729727335,0.8687630222786555,-0.0069286476017869775,1.8525551670489637e-4
cold temperate,68,86,58,55.84415584415584,0.686497674939827,0.5477845376336974,0.8591067033436187,-0.006539503294055393,2.277146048101919e-4
cold temperate,69,85,58,55.1948051948052,0.6843066467305129,0.5456128787542325,0.8615968764067131,-0.0059752517301858155,2.1543673717583367e-4
cold temperate,70,85,58,55.1948051948052,0.6768974996870787,0.5402472018921054,0.8503222689617089,-0.005864987945352174,2.2771460480985883e-4
cold temperate,71,83,56,53.896103896103895,0.6826698318570525,0.5413970991927438,0.8615522828297035,-0.005864987945352285,1.8116955001762358e-4
cold temperate,72,83,56,53.896103896103895,0.6753644483912217,0.5336738445842494,0.8568866151463275,-0.005609772370938987,1.646302769313171e-4
cold temperate,73,82,55,53.246753246753244,0.6715741288114512,0.52798669948385335,0.8547435881079744,-0.0047106407684510965,1.5217697053272056e-4
cold temperate,74,80,53,51.94805194805195,0.6534324324964722,0.5061945957686428,0.8436794752449053,-0.004425724355175659,1.0268222999540444e-4
cold temperate,75,79,52,51.298701298701296,0.6509384276735667,0.499191689693097,0.8476868017672973,-0.0059662272030156505,9.9724689309591e-5
cold temperate,76,69,46,44.8051948051948,0.6493165463314146,0.4901263708545199,0.8982282526739307,-0.005947680612417572,1.0070712598867632e-4
cold temperate,77,66,43,42.857142857142854,0.6187086582741811,0.4721726944706625,0.8645956422699752,-0.005792849121703067,9.972468930964651e-5
cold temperate,78,66,43,42.857142857142854,0.610818209641194,0.4649290766792052,0.848606734144885,-0.005650912649416806,9.676714862377755e-5
cold temperate,79,66,43,42.857142857142854,0.6020629331775841,0.45973149513848627,0.828342101918943,-0.005618464975381765,9.125907306553604e-5
cold temperate,80,65,42,42.20779220779221,0.602666770270597,0.4582581149183137,0.8211188922866438,-0.005906052796692762,1.1722034793734681e-4
cold temperate,81,62,40,40.25974025974026,0.5898590950148324,0.44722146567905846,0.8007438024866383,-0.0058954598141947034,1.0316498296114585e-4
cold temperate,82,62,40,40.25974025974026,0.5831726111187392,0.4405605618882414,0.7870612818984228,-0.005767677091537943,1.0956281729823658e-4
cold temperate,83,62,40,40.25974025974026,0.5780159752173879,0.43468045378834236,0.7730508140149199,-0.005618196092114447,1.3609606525136209e-4
cold temperate,84,61,39,39.61038961038961,0.578923381592758,0.43725701568480013,0.7707367196900397,-0.0055113706596325585,1.2487787857640154e-4
cold temperate,85,60,38,38.96103896103896,0.5774715781157338,0.4282967604380026,0.7616147191288655,-0.005618464975381765,1.4731425192648917e-4
cold temperate,86,59,37,38.311688311688314,0.5755858114218164,0.42775838942756705,0.75959159956223965,-0.0053254564821433314,1.473142519261561e-4
cold temperate,87,59,37,38.311688311688314,0.5706103375186933,0.4256395815887062,0.7437413481462027,-0.0049454306858608965,1.4731425192637815e-4
cold temperate,88,59,37,38.311688311688314,0.5619053291155973,0.423745401420271,0.7340438561417179,-0.004761101823907377,1.2487787857645705e-4
cold temperate,89,59,37,38.311688311688314,0.5557118931283298,0.41615122230044155,0.7254394214209658,-0.004185379093296138,1.031649829610487e-4
cold temperate,90,59,37,38.311688311688314,0.5481766320713911,0.4100558196004779,0.7176330727818883,-0.004103032318666433,1.172203479374162e-4
cold temperate,91,58,37,37.66233766233766,0.5358690064662927,0.3965882506418959,0.7059078766646509,-0.00381361998059096,1.1722034793736069e-4
cold temperate,92,58,37,37.66233766233766,0.5233924963218022,0.3921032876447911,0.6984233522360483,-0.003490458084570325,1.1722034793740232e-4
cold temperate,93,58,37,37.66233766233766,0.5159604230699482,0.3891884682093974,0.6903289009239223,-0.003193506847295746,9.124006615450486e-5
cold temperate,94,58,37,37.66233766233766,0.5076793849672576,0.38641853337526827,0.6799940063768238,-0.0030021715716296166,9.1240066154602e-5
cold temperate,95,58,37,37.66233766233766,0.5013429602998248,0.38240872963324113,0.6715424187129143,-0.0027613963550622567,9.672913480174294e-5
cold temperate,96,58,37,37.66233766233766,0.49372595276008796,0.3804635276602375,0.6628552813568522,-0.0028726279125630416,9.672913480185397e-5
cold temperate,97,57,36,37.01298701298701,0.489045368493536,0.37246862190620733,0.6622646823893393,-0.0026672469031723683,9.672913480179846e-5
cold temperate,98,56,35,36.36363636363637,0.49193816863467715,0.3780757667560848,0.6689778309149165,-0.0025779994087103963,9.672913480179846e-5
cold temperate,99,55,34,35.714285714285715,0.48324927103138005,0.3661105676667844,0.6692284506740016,-0.002284593012992331,NA
cold temperate,100,55,34,35.714285714285715,0.4787096558573285,0.3620282691230317,0.6611208493891989,NA,NA
warm temperate,1,182,102,91,3.585278381232986,3.1282582651846975,4.080977120474137,-0.005507309061641763,-0.011014618123284414
warm temperate,2,182,102,91,3.5630524562137174,3.110397819507443,4.052615568125719,-0.016521927184926177,-0.010762586852682277
warm temperate,3,183,102,91.5,3.495921093523608,3.0603390076408408,3.9684503835477747,-0.02708258592936197,-0.008546851094077823
warm temperate,4,183,102,91.5,3.408895855748786,3.0029725972491073,3.8829909941131096,-0.03776401890907177,-0.008391245148515747
warm temperate,5,184,103,92,3.349076179053396,2.942998419604458,3.816393942329528,-0.04855373859737777,-0.005135488813974409
warm temperate,6,185,105,92.5,3.2384043384422556,2.8322681567506853,3.7027092514869113,-0.05883146724821153,-0.0032471214436267104
warm temperate,7,186,105,93,3.1293821658359153,2.738414875675235,3.5736232996594683,-0.06690262161110372,-0.002949172921648313
warm temperate,8,186,105,93,3.0193208746213784,2.641780565845317,3.43617045526147,-0.06903769877074795,-0.0026326539286332107
warm temperate,9,186,105,93,2.9084005884783717,2.536276410630226,3.3196080032867004,-0.07132558376238451,-0.0020142207162244796
warm temperate,10,186,105,93,2.7903517615180915,2.439318939219648,3.1937954058755293,-0.06967557040894978,-4.871280019147495e-4
warm temperate,11,197,113,98.5,2.6507460115696366,2.3262621119927553,3.021493900213621,-0.06145862527123702,7.47854485142696e-4
warm temperate,12,197,113,98.5,2.545788253146679,2.233653257364806,2.9136702138845325,-0.06035495797683499,9.741447284210558e-4
warm temperate,13,197,113,98.5,2.4475437154439614,2.1514643937234843,2.8074247808854484,-0.05943488242590167,9.741447284210558e-4
warm temperate,14,198,113,99,2.3570991276155238,2.072960601317853,2.707326859212119,-0.05979091444170703,0.001049290809125969
warm temperate,15,198,113,99,2.2761216473093326,1.995748257578054,2.623328939035058,-0.0583171698470073,0.0010096360161124807
warm temperate,16,198,113,99,2.2026017328706637,1.9213619099918158,2.546417262841816,-0.05772705409923251,9.741447284209448e-4
warm temperate,17,197,112,98.5,2.1378421965891166,1.860624918692952,2.4819721131035646,-0.05813887086947367,0.0010333500337995072
warm temperate,18,197,112,98.5,2.0691586395725485,1.8007786531528198,2.407567868115722,-0.05143287412568831,0.0010889456021394572
warm temperate,19,196,112,98,1.9893561919280562,1.7241070256371138,2.33534271603789,-0.04666211364147199,0.0010096360161122586
warm temperate,20,195,111,97.5,1.9038803086645806,1.6521030560087737,2.2516800031446094,-0.0478903828551589,0.001198236161382038
warm temperate,21,200,116,100,1.8702619383268542,1.6219274088471705,2.195547309156954,-0.04687035919189275,9.904856253821759e-4
warm temperate,22,200,116,100,1.8135447410683512,1.569431527694217,2.134174542424576,-0.04615328267925345,9.90485625382398e-4
warm temperate,23,199,116,99.5,1.7741131406578,1.5292157770018475,2.0801061501051503,-0.044325023894382976,9.779107635148887e-4
warm temperate,24,199,116,99.5,1.7279488013669047,1.483585268523093,2.0229546828337206,-0.04139827117840855,8.737088083289879e-4
warm temperate,25,199,116,99.5,1.6744538498080352,1.4306817190692926,1.9587722573743973,-0.03875153255474606,8.810022041311205e-4
warm temperate,26,198,116,99,1.6341413225043069,1.3842954706554431,1.9043847676957737,-0.03553511665047987,9.90485625382287e-4
warm temperate,27,198,116,99,1.5852137024242021,1.343293342184701,1.8432302942595065,-0.03309349053222688,9.231690528893055e-4
warm temperate,28,198,116,99,1.5403576743922864,1.3060003971997087,1.7895365823424518,-0.032325434077238924,9.231690528893055e-4
warm temperate,29,198,116,99,1.498882073230716,1.2674891735598866,1.7400526777898266,-0.02960124752310972,8.752928233314722e-4
warm temperate,30,198,116,99,1.4597821913214732,1.2319148655832246,1.6913938145661445,-0.029673666944613375,0.0010304659819265205
warm temperate,31,194,118,97,1.450552338510485,1.2394560107892536,1.6848409923000032,-0.027483967851767932,0.0010259713565643758
warm temperate,32,194,118,97,1.4041299796168005,1.2039285148910355,1.6390690769847922,-0.0275132056853028,0.0010372063932275744
warm temperate,33,194,118,97,1.3634381521009233,1.1720147929859546,1.5953629187454421,-0.028628166295322388,0.0010334720775153072
warm temperate,34,194,118,97,1.3259452557791147,1.1422667554196058,1.550902421133918,-0.027999937099290995,0.0010372063932275744
warm temperate,35,194,118,97,1.2904188407137238,1.1141648876146928,1.5097267301361108,-0.02724653178844605,9.90485625382398e-4
warm temperate,36,192,117,96,1.2647202974736658,1.0964961045840078,1.487887238366537,-0.02614951951285549,9.90485625382287e-4
warm temperate,37,192,117,96,1.2348831466825176,1.0677534106377566,1.450942515337164,-0.024309636104229482,9.904856253822314e-4
warm temperate,38,190,116,95,1.2172127333852027,1.0491021757398544,1.4269160791798825,-0.022097399363515124,8.749071167464123e-4
warm temperate,39,190,116,95,1.1898131431154524,1.023633148835188,1.3943544680860358,-0.01969484416330547,8.16467692279943e-4
warm temperate,40,190,116,95,1.1596091103314845,0.9992316297765167,1.3628364884262354,-0.018756503291579296,7.063570110796835e-4
warm temperate,41,191,116,95.5,1.1325101301827911,0.9801955532523645,1.3319054005226012,-0.017115307483457964,3.569129852141195e-4
warm temperate,42,191,116,95.5,1.1068752586256272,0.9566728758259379,1.303739545158197,-0.01661590524534684,3.0648770870922437e-4
warm temperate,43,191,116,95.5,1.084379495937904,0.9335855875634802,1.2771829234573049,-0.014407596371962539,3.356005112871152e-4
warm temperate,44,191,116,95.5,1.0627671993614176,0.9131472435890496,1.2526070627934702,-0.014055059503689737,3.048950611245216e-4
warm temperate,45,191,116,95.5,1.0422336699547408,0.8918537075657438,1.2257193627149576,-0.013978495659727752,2.9583239368419223e-4
warm temperate,46,186,112,93,1.0378195849860365,0.8817800512194071,1.2217453871905648,-0.014118670034101166,2.6953070912844046e-4
warm temperate,47,185,112,92.5,1.0203458557614324,0.8668766370232138,1.202744721165166,-0.013751254747736391,2.7307985073193874e-4
warm temperate,48,184,111,92,1.0048578923769296,0.8562571960798273,1.1838602827079923,-0.012953151712261537,2.3912296634043262e-4
warm temperate,49,184,111,92,0.9849772161894935,0.8393818548800535,1.1608591510984951,-0.012210214962591281,1.8260817531445817e-4
warm temperate,50,184,111,92,0.9644489525753983,0.8252805544341023,1.140370618861741,-0.011906551730148984,3.111463025282646e-4
warm temperate,51,181,108,90.5,0.9447108139425476,0.8081532317185521,1.1148326085884872,-0.010892153648248137,8.528629557719158e-5
warm temperate,52,181,108,90.5,0.9288431341547522,0.794601049734619,1.0944942983144192,-0.01025765216819674,9.694750023556131e-5
warm temperate,53,181,108,90.5,0.914110260995248,0.7801809364626909,1.076255669308461,-0.009933495754520516,1.2582214412021342e-4
warm temperate,54,181,108,90.5,0.899307398978016,0.7660325306791398,1.0588026188958466,-0.009125502467400848,9.694750023564458e-5
warm temperate,55,181,108,90.5,0.8847348925255374,0.7532921535736583,1.0410137665750954,-0.00863881829372204,1.0851347866092098e-4
warm temperate,56,181,108,90.5,0.8716114922145205,0.742189322059213,1.023298904086658,-0.008505145073128273,1.0555421984878577e-4
warm temperate,57,179,108,89.5,0.8673367754739529,0.738414890564933,1.0153536713761815,-0.008208811001297556,8.52862955773026e-5
warm temperate,58,178,107,89,0.8588957209048748,0.7319822112343233,1.002530930050827,-0.007832439520122358,8.52862955772471e-5
warm temperate,59,178,107,89,0.8467233426216749,0.7205975227030126,0.9850244804072767,-0.007592293380861037,6.16523770136379e-5
warm temperate,60,178,107,89,0.8348001207786757,0.7112129544151807,0.968679627095218,-0.008778023311489358,2.6749602223390123e-4
warm temperate,61,166,100,83,0.8517297980409687,0.725955845786837,0.9917979199845689,-0.008176638760862831,1.705270150436089e-4
warm temperate,62,166,100,83,0.8378163811823861,0.7157483566216374,0.9777984345988542,-0.0073592837528934085,2.352423378741697e-4
warm temperate,63,166,100,83,0.8260192746089869,0.707419516430604,0.9648101934106477,-0.007198778256549493,2.1702695732161992e-4
warm temperate,64,166,100,83,0.8159487329830624,0.6986814221551314,0.9538961554086682,-0.006919118479839503,2.5463622818167053e-4
warm temperate,65,165,99,82.5,0.7986262811519824,0.6819413810785738,0.928592675597189,-0.006046164016935862,2.744018200003806e-4
warm temperate,66,165,99,82.5,0.7912906257956779,0.6733562372543865,0.9154394387219227,-0.005826135345083805,2.7743047625791023e-4
warm temperate,67,164,98,82,0.7868622380293214,0.6721626736975448,0.9108386687395774,-0.005631893667173982,2.774304762579241e-4
warm temperate,68,164,98,82,0.7772869835913477,0.6632011502116952,0.8988938386120483,-0.005423538838750935,2.8692144339603765e-4
warm temperate,69,164,98,82,0.7680466492227961,0.6548990664744255,0.891738327493043,-0.004344099422403325,8.528629557735812e-5
warm temperate,70,163,97,81.5,0.7535198492509871,0.6374565567964592,0.8832691071570191,-0.004371593344628361,8.528629557719158e-5
warm temperate,71,146,92,73,0.6667747658523798,0.5521006952121823,0.7928060142259838,-0.0036797049420371764,8.528629557719158e-5
warm temperate,72,146,92,73,0.658617798938376,0.5445671597492651,0.7828303202881933,-0.0032684651206350973,6.68266460679412e-5
warm temperate,73,145,92,72.5,0.6544138198191762,0.5408128481508682,0.778668688896095,-0.003050950187663659,5.9914629930046814e-5
warm temperate,74,143,90,71.5,0.6545111899924103,0.5410120743823988,0.7803489942885617,-0.0029204345800139114,7.943748665181771e-5
warm temperate,75,142,89,71,0.6481318579333792,0.5348949186942025,0.7752820401412855,-0.002630454208489341,8.52862955773026e-5
warm temperate,76,139,89,69.5,0.6410997524402609,0.5290295265365456,0.7669234192735251,-0.002340035307858035,6.682664606799671e-5
warm temperate,77,139,89,69.5,0.6332142455599828,0.5243950567683443,0.7588846164819999,-0.00210423567862994,8.236189111456016e-5
warm temperate,78,139,89,69.5,0.6277303486314165,0.5204950881158151,0.7520600513651878,-0.002064099443668456,8.52862955773026e-5
warm temperate,79,138,89,69,0.6255685858071117,0.5181873730917395,0.7487926111895509,-0.0018826061580775044,7.050835540151068e-5
warm temperate,80,137,89,68.5,0.6254759159281973,0.5183380268138392,0.7476098094682835,-0.0019514097403577832,5.991462993015784e-5
warm temperate,81,131,85,65.5,0.6227530259575036,0.5139184832531666,0.7469965149546293,-0.001880554996963435,3.341400494666358e-5
warm temperate,82,131,85,65.5,0.6152044860872254,0.5107665736909034,0.7348450504210565,-0.001984294191927541,3.341400494660807e-5
warm temperate,83,130,84,65,0.6093100384681787,0.511287580615782,0.7289004783446481,-0.0020206234319564698,3.5406057420944714e-5
warm temperate,84,129,83,64.5,0.5985678197061027,0.4980565900142245,0.7182268893758023,-0.001872450440629933,4.358742606203059e-5
warm temperate,85,128,82,64,0.5958641520074389,0.49410244199129405,0.7154186948855021,-0.0020749630585262246,3.341400494666358e-5
warm temperate,86,128,82,64,0.5910446931859422,0.4879438487099691,0.7084637290466977,-0.0020206234319564698,3.739810989467074e-5
warm temperate,87,127,81,63.5,0.5881132354152078,0.48489065912568696,0.7084382636345169,-0.0020206234319564143,3.341400494671909e-5
warm temperate,88,127,81,63.5,0.5816841878601858,0.48066184347534,0.7003388074193083,-0.0015359351391579512,4.3587426062224877e-5
warm temperate,89,127,81,63.5,0.5750297133041711,0.4762646425432913,0.6947488783082416,-0.0012637771069284598,3.739810989422665e-5
warm temperate,90,126,80,63,0.5729342838241304,0.47512470280226304,0.6911459576585431,-0.0011649082534699318,5.991462993001906e-5
warm temperate,91,123,77,61.5,0.5655031223027902,0.4698054065329754,0.6901678390783378,-0.0011429224429854445,5.991462993013008e-5
warm temperate,92,123,77,61.5,0.5615414634281404,0.46512494026458945,0.6850689023675688,-0.0013460948002430584,5.99146299299913e-5
warm temperate,93,121,75,60.5,0.5661479945388748,0.4678816476321222,0.6884591797975144,-0.001205727791039224,5.926301863132949e-5
warm temperate,94,121,75,60.5,0.5620228006735717,0.46319226557199583,0.6846825258162886,-0.0010265788917941873,5.419407478082089e-5
warm temperate,95,120,74,60,0.5632064921758675,0.46421341728063875,0.6834480887498173,-9.455982835811366e-4,3.54060574206394e-5
warm temperate,96,120,74,60,0.5581894340754726,0.4622879381126356,0.678679517340741,-9.038867920082502e-4,3.341400494671909e-5
warm temperate,97,118,72,59,0.5355901047497278,0.4474796352355268,0.6521992054374911,-8.546340654487783e-4,3.5406057420556136e-5
warm temperate,98,117,71,58.5,0.5362402418467175,0.45049031805160134,0.6496962431974758,-8.708451318079902e-4,3.7864521734334855e-5
warm temperate,99,116,70,58,0.5341050836997292,0.44854033555802036,0.6482501254337163,-7.84038565251749e-4,NA
warm temperate,100,116,70,58,0.5303357246480975,0.443945188813442,0.6434326092594127,NA,NA
arid,1,38,27,90.47619047619048,0.8839123488097502,0.586139600670735,1.3331884226429547,-0.001031952344153042,-0.0020639046883062506
arid,2,38,27,90.47619047619048,0.87876326554856,0.5839627377793417,1.3283282210148615,-0.0030958570324592927,-0.0020639046883060286
arid,3,38,27,90.47619047619048,0.8549650099376208,0.5693856284249224,1.3118445790133455,-0.005159761720765321,-0.001301510957250368
arid,4,38,27,90.47619047619048,0.8265028098290945,0.5624809286249419,1.291030423499262,-0.007223666409071461,-1.3943038761946025e-4
arid,5,38,27,90.47619047619048,0.7790438463182184,0.5479937839193151,1.25538702414344,-0.009287571097377656,-9.131058091348121e-5
arid,6,39,28,92.85714285714286,0.7878962589000139,0.553554165125786,1.19836863997668,-0.009802778390901934,-4.131895904979643e-5
arid,7,39,28,92.85714285714286,0.7604574307254426,0.5349800993293846,1.1670227079410556,-0.010615648738078964,-4.131895904982419e-5
arid,8,39,28,92.85714285714286,0.7230555569746941,0.5246681381178104,1.1129276421045704,-0.011862595573302714,-4.131895904979643e-5
arid,9,39,28,92.85714285714286,0.7065234397871276,0.5130495288470261,1.078401931673453,-0.011555161544523185,-4.131895904979643e-5
arid,10,39,28,92.85714285714286,0.6923230089709473,0.49274896745257757,1.0521698532459645,-0.012049518864968911,-1.4460342961652994e-5
arid,11,41,29,97.61904761904762,0.6997530058025625,0.4904160917851714,1.026444660681354,-0.008639868875594259,0
arid,12,41,29,97.61904761904762,0.6890385277524713,0.4808920684550156,1.0090075695979004,-0.011242476936778045,1.742461690557029e-4
arid,13,41,29,97.61904761904762,0.6787001089221718,0.47118638352280884,0.9942820143557212,-0.009547045525589493,9.689380811306325e-5
arid,14,41,29,97.61904761904762,0.6663501678553447,0.4644034755748,0.9778860101096409,-0.010191305966255726,9.689380811295223e-5
arid,15,41,29,97.61904761904762,0.6612817987795436,0.45878835879574065,0.9624742585880053,-0.008950592125773982,9.689380811306325e-5
arid,16,41,29,97.61904761904762,0.6489514985335683,0.4532090250987785,0.9489771711401338,-0.008704170330599004,9.689380811289672e-5
arid,17,41,29,97.61904761904762,0.6435707782564941,0.45156230022356864,0.9308906047458035,-0.008404054961285434,9.689380811300774e-5
arid,18,41,29,97.61904761904762,0.6329440218053374,0.4464611565450555,0.915535470256718,-0.007745647406346506,9.689380811306325e-5
arid,19,41,29,97.61904761904762,0.6201566673591843,0.4388236099071332,0.8962125093187052,-0.00708723985140762,9.689380811289672e-5
arid,20,41,29,97.61904761904762,0.6157569204152251,0.43378119875857657,0.8811059712863052,-0.006821018938383494,9.689380811311876e-5
arid,21,42,30,100,0.6060897656760115,0.4236098039288668,0.8491283649013595,-0.0064237559823947035,4.8446904056476114e-5
arid,22,42,30,100,0.5989460775270068,0.4180463574860215,0.8357080098248861,-0.0062225863473631265,4.8446904056531626e-5
arid,23,42,30,100,0.5875882859155952,0.4124906010908296,0.8237620532866581,-0.006021416712331751,9.127666529029632e-5
arid,24,42,30,100,0.5720548578280327,0.4058905968564075,0.8167916040017265,-0.0058679327203380455,4.844690405644836e-5
arid,25,42,30,100,0.563091328593869,0.4000140477172025,0.8205667010050811,-0.00576840932163393,4.8446904056531626e-5
arid,26,42,30,100,0.553738235233583,0.3934242902710033,0.8034775360349256,-0.0057751983561715875,9.952339870414328e-5
arid,27,42,30,100,0.5418620784172563,0.3890358867806295,0.7855585853374429,-0.005791327020743489,4.84469040565455e-5
arid,28,42,30,100,0.5295611791741519,0.3814605257336441,0.769846016371639,-0.005807455685315294,4.8446904056725915e-5
arid,29,42,30,100,0.5189261571752972,0.37324190345567776,0.7509965337381359,-0.006248080333221898,4.844690405651775e-5
arid,30,42,30,100,0.5083821424943279,0.3667492534047477,0.735613839239324,-0.00615897767938306,1.3877787807814457e-17
arid,31,42,30,100,0.49666360702391626,0.36051704257495765,0.7207240333243812,-0.005760602366357281,0
arid,32,42,30,100,0.4859057329399737,0.35267577130455063,0.7043398395911993,-0.004972719437150969,2.7755575615628914e-17
arid,33,42,30,100,0.47791440105453953,0.34669390418337653,0.6901798663102571,-0.0050776963241323525,0
arid,34,41,29,97.61904761904762,0.449496627252046,0.3304931614397154,0.6651233617015262,-0.004159810874704406,0
arid,35,41,29,97.61904761904762,0.44398977942922047,0.32417245908553016,0.6441481348519871,-0.004002836879432703,0
arid,36,41,29,97.61904761904762,0.4348224159950856,0.3188432556543209,0.6260899065616257,-0.003845862884160667,2.7755575615628914e-17
arid,37,41,29,97.61904761904762,0.42501439145367437,0.3136141013288026,0.6104817284609229,-0.0036888888888888527,1.3877787807814457e-17
arid,38,41,29,97.61904761904762,0.4201170190379211,0.30703675461029944,0.5952508715355496,-0.0033305573655345866,2.7755575615628914e-17
arid,39,41,29,97.61904761904762,0.4134081419975197,0.30157242477083385,0.5786428100376271,-0.0031249434869882187,4.163336342344337e-17
arid,40,41,29,97.61904761904762,0.4066292594714933,0.2962395695372892,0.5652269616318784,-0.0033036159623450884,6.938893903907228e-18
arid,41,40,28,95.23809523809524,0.3849919384446265,0.28436679168486034,0.5136151872731081,-0.003388496519354592,8.326672684688674e-17
arid,42,40,28,95.23809523809524,0.3767707234898837,0.2782381292151371,0.5009145738351345,-0.003377284295233887,5.551115123125783e-17
arid,43,40,28,95.23809523809524,0.37369256734895717,0.27613742509067774,0.4928947195293526,-0.0033660720711131686,1.3877787807814457e-17
arid,44,40,28,95.23809523809524,0.36690861549569737,0.27057294524367137,0.47832531345430385,-0.0033548598469925056,5.551115123125783e-17
arid,45,40,28,95.23809523809524,0.36086909363714237,0.26714546148418067,0.468880728573365,-0.0033361138573076987,7.000750222974084e-6
arid,46,39,27,92.85714285714286,0.3610681688525111,0.26629597274850575,0.4759116771578493,-0.003301972401881237,1.4001500445781634e-5
arid,47,39,27,92.85714285714286,0.3565747290014978,0.26245772935450506,0.46562771946847015,-0.0032165413547512456,1.4001500445892656e-5
arid,48,39,27,92.85714285714286,0.35046003498875167,0.2586769348241075,0.4616284323220319,-0.003066867242038751,2.2424448241381567e-5
arid,49,39,27,92.85714285714286,0.3447014791966399,0.2540395505326433,0.4538315722643737,-0.00288816124735064,4.376829632266044e-5
arid,50,39,27,92.85714285714286,0.3400540674966397,0.2503721129196407,0.4467377196296657,-0.0027239711936504207,1.0504132348676531e-4
arid,51,39,27,92.85714285714286,0.33513136299748514,0.24747777288800785,0.4408063398372117,-0.0026213745975158242,9.689380811300774e-5
arid,52,39,27,92.85714285714286,0.32973214855960287,0.24374007697168332,0.43691356057363173,-0.0026213745975158798,9.689380811289672e-5
arid,53,39,27,92.85714285714286,0.32501381324505974,0.24143849128398195,0.43355723551715375,-0.0026213745975158798,9.689380811306325e-5
arid,54,39,27,92.85714285714286,0.3217452948434769,0.23868970051823285,0.428068210756824,-0.002513709073183601,7.033105221783409e-5
arid,55,39,27,92.85714285714286,0.31899417035142413,0.23374642891555375,0.4207835957341213,-0.002460220781484862,9.091494520156729e-6
arid,56,38,26,90.47619047619048,0.3185408465246466,0.24522478674555215,0.4285530019286565,-0.002492784342818133,2.498001805406602e-16
arid,57,38,26,90.47619047619048,0.31448543755907477,0.24326559236440823,0.42688912314053684,-0.002319123265806397,2.0816681711721685e-17
arid,58,38,26,90.47619047619048,0.31186899944470714,0.24246216468760284,0.4236010221687221,-0.002319123265806411,4.163336342344337e-17
arid,59,38,26,90.47619047619048,0.30780034110348914,0.24039356262377637,0.4173328706161361,-0.002319123265806383,6.938893903907228e-18
arid,60,38,26,90.47619047619048,0.30451669298091844,0.23678719130211331,0.4119585086398646,-0.002835165358878497,6.938893903907228e-18
arid,61,36,24,85.71428571428571,0.2876884747447772,0.20515193915146185,0.39739085066225033,-0.0027899105441385463,2.7755575615628914e-17
arid,62,36,24,85.71428571428571,0.2847018976160069,0.20513197940200523,0.3948405754791834,-0.0025404100636585714,6.938893903907228e-18
arid,63,36,24,85.71428571428571,0.2812267940949962,0.20416682129892394,0.39272888560323216,-0.0026313157334200976,1.3877787807814457e-17
arid,64,36,24,85.71428571428571,0.27916880339619765,0.20317417196237914,0.387076989908928,-0.0025520183280608455,2.0816681711721685e-17
arid,65,36,24,85.71428571428571,0.27667821859197894,0.20222124630020236,0.3819985205456201,-0.002472720922701642,6.866621792389616e-5
arid,66,36,24,85.71428571428571,0.2734482028367425,0.20130804431239357,0.3793509763434015,-0.0021857008766986152,9.581644122179378e-5
arid,67,35,24,83.33333333333333,0.27045704345345206,0.1900207381955895,0.3789255008928007,-0.0020068776264505067,9.33026702423373e-5
arid,68,35,24,83.33333333333333,0.2680914672538947,0.1888668779879083,0.3770779650493113,-0.0018482828157320857,9.581644122180766e-5
arid,69,35,24,83.33333333333333,0.26572097419958163,0.1883073071452215,0.37240430645238987,-0.0016896880050135954,9.45595557320586e-5
arid,70,35,24,83.33333333333333,0.2629055279329142,0.18756475761265845,0.3680340598300215,-0.0015768850495438066,9.455955573205166e-5
arid,71,32,22,76.19047619047619,0.2495339579866072,0.16999270393557017,0.340198518203953,-0.0014573806971860462,5.479207338099368e-5
arid,72,32,22,76.19047619047619,0.24646789276945996,0.1690054631603342,0.33675897993337006,-0.0012699340895053757,5.47920733809798e-5
arid,73,32,22,76.19047619047619,0.24448692265734745,0.16772202282258292,0.3352465282349009,-0.0010518027548495137,5.479207338099368e-5
arid,74,32,22,76.19047619047619,0.24145641865923526,0.16550215938256618,0.33380107382217056,-8.73000552370197e-4,8.759889540094212e-5
arid,75,32,22,76.19047619047619,0.23945375419381115,0.16332609539024995,0.3325689755267248,-7.381191407029447e-4,4.379944770055433e-5
arid,76,31,22,73.80952380952381,0.24472248802691007,0.17124299631903833,0.34247036518353996,-6.173500166463952e-4,0
arid,77,31,22,73.80952380952381,0.24235007972716982,0.16985898685043116,0.3430679027585663,-6.17350016646423e-4,0
arid,78,31,22,73.80952380952381,0.24167721194568878,0.16805266542870814,0.3415821965299426,-6.17350016646423e-4,0
arid,79,31,22,73.80952380952381,0.24049842300391622,0.16624634400698513,0.3435228993049788,-6.368107971636838e-4,6.938893903907228e-18
arid,80,31,22,73.80952380952381,0.23813060105995498,0.16511725348266904,0.34801161045979645,-6.582501003053742e-4,6.938893903907228e-18
arid,81,31,22,73.80952380952381,0.236237850826191,0.16333503910430403,0.3471764685797548,-7.71892731357561e-4,0
arid,82,30,22,71.42857142857143,0.21701163899777065,0.15404660641449952,0.3452347443416783,-7.173872448653501e-4,0
arid,83,30,22,71.42857142857143,0.21510564848335362,0.15400903373605512,0.34759623070378687,-6.699590131883787e-4,0
arid,84,30,22,71.42857142857143,0.21404378766837734,0.1539120664652591,0.3454125345311609,-6.806786647591961e-4,0
arid,85,30,22,71.42857142857143,0.2123111043349229,0.1509652652062572,0.341063760843624,-7.654466160136875e-4,2.7755575615628914e-17
arid,86,29,21,69.04761904761905,0.2035800471715591,0.14019606843956797,0.2990823789021521,-7.868859191553224e-4,0
arid,87,29,21,69.04761904761905,0.20091694022958478,0.13873950259796267,0.29608742751830325,-8.08325222296985e-4,0
arid,88,29,21,69.04761904761905,0.19969839397656086,0.13753159502413517,0.29315403670567086,-8.297645254386476e-4,0
arid,89,29,21,69.04761904761905,0.1977575673790617,0.13635254230661978,0.29028220646425484,-8.512038285802825e-4,1.3877787807814457e-17
arid,90,29,21,69.04761904761905,0.19581674078156258,0.13520234444541648,0.28747193679405536,-8.403305878943029e-4,-1.3877787807814457e-17
arid,91,29,21,69.04761904761905,0.1953202892472684,0.1343260721492637,0.2865478251929787,-7.202833610522458e-4,0
arid,92,29,21,69.04761904761905,0.19417698438083683,0.13349124451218516,0.28624842061746,-6.173500166464091e-4,-1.3877787807814457e-17
arid,93,29,21,69.04761904761905,0.19238755374414812,0.1319248799996791,0.2826863873073026,-6.17350016646423e-4,0
arid,94,29,21,69.04761904761905,0.19120898736662104,0.131036502037815,0.27911451527801207,-6.17350016646423e-4,0
arid,95,29,21,69.04761904761905,0.1905036467616651,0.12988417798408133,0.2755328045295882,-6.17350016646423e-4,0
arid,96,29,21,69.04761904761905,0.18892656137190617,0.12890710926075058,0.27437127786469456,-7.791906753487413e-4,1.3877787807814457e-17
arid,97,28,20,66.66666666666667,0.19303682352734447,0.13230745864083976,0.28546843138173866,-7.296627103986625e-4,0
arid,98,28,20,66.66666666666667,0.19236555891294801,0.13055742174833732,0.28315085055603756,-6.801347454486253e-4,0
arid,99,28,20,66.66666666666667,0.19092815603741087,0.12933765014337437,0.28089170631084914,-6.306067804985743e-4,NA
arid,100,28,20,66.66666666666667,0.1907485671806304,0.12888594341295803,0.2786909986461734,NA,NA
tropical,1,88,41,95.65217391304348,1.9416148850535102,1.7383688257059364,2.1981669946828415,-0.0031980817468331146,-0.006396163493666118
tropical,2,88,41,95.65217391304348,1.9377091008324714,1.733720461265508,2.191793775730305,-0.009594245240499233,-0.006396163493666118
tropical,3,88,41,95.65217391304348,1.9246132494322714,1.7198815990350724,2.1759005230615,-0.01599040873416535,-0.006396163493666118
tropical,4,88,41,95.65217391304348,1.9026440407512202,1.7004877917352226,2.150116009663116,-0.02238657222783147,-0.006247248622278323
tropical,5,88,41,95.65217391304348,1.8711220001423516,1.6750401674468387,2.113150651914997,-0.0287827357214977,-0.0056617439524344615
tropical,6,88,41,95.65217391304348,1.8396311479525442,1.6436674557298803,2.0647722832986224,-0.035054103435075534,-0.003740207908369597
tropical,7,88,41,95.65217391304348,1.7873089098280417,1.601145183386149,2.018617393378803,-0.041427576786906894,-0.003740207908369597
tropical,8,88,41,95.65217391304348,1.737841956221609,1.5552333163682108,1.9587058758358404,-0.04780105013873903,-0.003740207908369708
tropical,9,88,41,95.65217391304348,1.682925702795749,1.5073168643410109,1.894988882909228,-0.05381446096304998,-0.003740207908369486
tropical,10,88,41,95.65217391304348,1.6339163895637685,1.457210070028703,1.8326561250714877,-0.059348861911645234,-0.001093551437163276
tropical,11,90,42,97.82608695652173,1.5896011130411782,1.411785423612521,1.7741948085276273,-0.05798863921421793,0.0020179340892247377
tropical,12,90,42,97.82608695652173,1.5274368352030234,1.357410426584889,1.698935917778207,-0.05482132841745457,0.0020179340892248487
tropical,13,90,42,97.82608695652173,1.465634473121085,1.3068807635762978,1.6302378004579503,-0.052347402279597666,0.0020179340892249598
tropical,14,90,42,97.82608695652173,1.4106036227358008,1.2547954883363346,1.564103761010943,-0.04800104164223762,0.0020179340892248487
tropical,15,90,42,97.82608695652173,1.3528458392828817,1.2084875865492757,1.5040663686877578,-0.04453561855146221,0.0024166629522636707
tropical,16,90,42,97.82608695652173,1.3022540357371628,1.1692327698812532,1.4449416256143173,-0.04049146079452459,0.0022486252456057065
tropical,17,90,42,97.82608695652173,1.2498815823324123,1.1264702196529899,1.3927876729009823,-0.0383205988799743,0.0022486252456053735
tropical,18,90,42,97.82608695652173,1.2055627991987168,1.0855032746852054,1.3442614702010496,-0.036311640952628954,0.0022486252456055955
tropical,19,90,42,97.82608695652173,1.1642390911705527,1.0484882018393689,1.298202788186634,-0.03224857075503662,0.002248625245605762
tropical,20,90,42,97.82608695652173,1.127281853142537,1.0169944775238842,1.2572038940930803,-0.02897475604255606,0.0018605601793295068
tropical,21,90,42,97.82608695652173,1.0986115398853338,0.9850982451913171,1.2255952963266459,-0.027002488791896206,0.0012009951654391449
tropical,22,90,42,97.82608695652173,1.0693468518933464,0.9574206643943121,1.1931332351682926,-0.024494672657513428,0.001031413651521429
tropical,23,90,42,97.82608695652173,1.0401359117224696,0.9306720618161095,1.1629078111465427,-0.022926569850834133,0.0010314136515211514
tropical,24,90,42,97.82608695652173,1.0167759295873833,0.9059809687741749,1.1275798786859261,-0.021258333409213848,0.0010314136515211514
tropical,25,90,42,97.82608695652173,0.9942755478954198,0.8802708134725594,1.100042904892913,-0.02017660341127242,0.0010314136515213734
tropical,26,90,42,97.82608695652173,0.9678070009430524,0.8600100330959559,1.073902371457733,-0.018436282139620674,9.300003689890479e-4
tropical,27,90,42,97.82608695652173,0.944061316195796,0.8422635728594832,1.0493170339523301,-0.016879328818550532,9.300003689890479e-4
tropical,28,90,42,97.82608695652173,0.9229119587074335,0.82484584147772,1.0290191459524218,-0.015135599391762067,9.300003689889924e-4
tropical,29,90,42,97.82608695652173,0.9024663790977586,0.8065174023319452,1.0095211049888833,-0.013652819300994823,9.300003689891034e-4
tropical,30,90,42,97.82608695652173,0.8863375166965861,0.7900488140830249,0.9918367453781439,-0.012325118652124406,8.335373565815374e-4
tropical,31,92,44,100,0.8572445890762679,0.7652789533863023,0.960568757201939,-0.010632350733045776,4.440892098500626e-16
tropical,32,92,44,100,0.8420992809653902,0.7507233412944803,0.9440433978687832,-0.010299795003372025,1.6653345369377348e-16
tropical,33,92,44,100,0.8268388388247189,0.7386297596201551,0.924936709868821,-0.009953071295315197,1.1102230246251565e-16
tropical,34,92,44,100,0.8137791223836307,0.7254709824126669,0.9077131912853946,-0.009719329985485053,1.6653345369377348e-16
tropical,35,92,44,100,0.7994464541357242,0.7121344776120461,0.8931647219087211,-0.009312264271742587,2.220446049250313e-16
tropical,36,92,44,100,0.7871457616628748,0.7032468711025709,0.8782782267880463,-0.008915853834196186,2.220446049250313e-16
tropical,37,92,44,100,0.7757247040365147,0.6904834555609725,0.8660434874043426,-0.00822827010513294,2.220446049250313e-16
tropical,38,92,44,100,0.7629454992383525,0.679658686623812,0.8517297536799634,-0.007996368737929138,2.220446049250313e-16
tropical,39,92,44,100,0.7508325252164758,0.6715033054498436,0.8403313106880645,-0.007904130222706474,1.1102230246251565e-16
tropical,40,92,44,100,0.741807805247363,0.6630459626214584,0.8293550669519066,-0.007753779550176587,1.6846975352155513e-4
tropical,41,90,43,97.82608695652173,0.7275315064224961,0.6528793523985315,0.8200278566587677,-0.00751476132667811,4.994689552562104e-5
tropical,42,90,43,97.82608695652173,0.7151414236524947,0.6451018918725613,0.8103478193629192,-0.007335413772987687,2.9312964698824384e-5
tropical,43,90,43,97.82608695652173,0.705477423772441,0.6366004590581836,0.8011822443001952,-0.007165821777034953,5.3229251174319314e-5
tropical,44,90,43,97.82608695652173,0.6961909787506623,0.6302048244545337,0.7912320699956303,-0.006963127506975697,2.9312964698824384e-5
tropical,45,90,43,97.82608695652173,0.689786957788668,0.6220211323761914,0.7820899089434931,-0.006872864588038707,2.9312964698713362e-5
tropical,46,90,43,97.82608695652173,0.6820203010638253,0.6129189654487279,0.7727347292346866,-0.006610202246082497,8.640346915167463e-6
tropical,47,90,43,97.82608695652173,0.6745682076250942,0.6083173311551003,0.764957331121142,-0.006338278949092113,8.640346914945418e-6
tropical,48,90,43,97.82608695652173,0.6666135993390396,0.6018808680982303,0.7569157862553517,-0.006180159217732684,8.64034691505644e-6
tropical,49,90,43,97.82608695652173,0.6601754538805997,0.5965358345462057,0.7493368671716429,-0.005732593362725191,3.885780586188048e-16
tropical,50,90,43,97.82608695652173,0.6535329385892207,0.5906345404222193,0.7428686112882353,-0.005640808569331052,5.204547020909445e-6
tropical,51,88,43,95.65217391304348,0.6551327061687761,0.595599934420446,0.7498048201806896,-0.005393412356105354,1.1102230246251565e-16
tropical,52,88,43,95.65217391304348,0.6497379037682626,0.5907889850107274,0.744787905911961,-0.0053494831299923384,1.1102230246251565e-16
tropical,53,88,43,95.65217391304348,0.6450284758456856,0.5857090775272044,0.7377232635092893,-0.005438855421257327,0
tropical,54,88,43,95.65217391304348,0.6405299918417136,0.5811355765640727,0.7308544370072115,-0.005380536602935915,1.1102230246251565e-16
tropical,55,88,43,95.65217391304348,0.6361173605838711,0.5768242934113743,0.7243900534639212,-0.005337423101978156,1.1102230246251565e-16
tropical,56,87,42,94.56521739130434,0.6345070833604248,0.5741186709370042,0.7211218989394472,-0.005337423101978045,5.551115123125783e-17
tropical,57,87,42,94.56521739130434,0.6293936549199087,0.5679973573653522,0.7144365820320762,-0.005137768434546219,1.1102230246251565e-16
tropical,58,87,42,94.56521739130434,0.6245885007022471,0.5628237750369857,0.708549238399046,-0.005099608365705999,0
tropical,59,87,42,94.56521739130434,0.6189517303835309,0.557936187378986,0.7016229507396465,-0.004979617580630591,5.551115123125783e-17
tropical,60,87,42,94.56521739130434,0.6142243885166803,0.5519175151429486,0.6958691110049363,-0.004864448048152503,2.220446049250313e-16
tropical,61,87,42,94.56521739130434,0.6093091598829485,0.5471234179674312,0.6881951928275355,-0.004782004087941827,1.1102230246251565e-16
tropical,62,87,42,94.56521739130434,0.6041341993930576,0.5419446110432149,0.682569641179696,-0.0046242283914536,1.1102230246251565e-16
tropical,63,87,42,94.56521739130434,0.6001912188669767,0.5360646881440954,0.6776315966215126,-0.00450411856310412,1.1102230246251565e-16
tropical,64,87,42,94.56521739130434,0.5964086249556833,0.5314129472074329,0.6721220227751136,-0.004459724544715882,1.1102230246251565e-16
tropical,65,87,42,94.56521739130434,0.5909030384089019,0.5282810256052692,0.6657363873528187,-0.004414110604893329,5.551115123125783e-17
tropical,66,87,42,94.56521739130434,0.5852504273224812,0.5242423209552355,0.6585024810891903,-0.004215341444938847,2.220446049250313e-16
tropical,67,87,42,94.56521739130434,0.5802973092892184,0.5202097297453568,0.6524334086975945,-0.0040236792497064244,1.1102230246251565e-16
tropical,68,87,42,94.56521739130434,0.5761505490856784,0.5161619519250688,0.6478867388425305,-0.0038997005149516983,2.220446049250313e-16
tropical,69,87,42,94.56521739130434,0.5720015642518471,0.5121390203629133,0.6413613676741579,-0.0037105328648351366,8.326672684688674e-17
tropical,70,87,42,94.56521739130434,0.5676947670460655,0.5076928663463229,0.6362461900940403,-0.0036869413147465335,2.220446049250313e-16
tropical,71,82,40,89.1304347826087,0.565601818466002,0.5047447710961275,0.6335365908836414,-0.003585466205393434,1.1102230246251565e-16
tropical,72,82,40,89.1304347826087,0.5608095775483471,0.5003803447127905,0.6283771849499878,-0.003463924978091948,8.326672684688674e-17
tropical,73,82,40,89.1304347826087,0.5561180139886674,0.49568499464658433,0.6218127759078613,-0.003388131883428125,2.220446049250313e-16
tropical,74,82,40,89.1304347826087,0.5516642463886609,0.490768958265137,0.6165339364766186,-0.003326645570301323,1.1102230246251565e-16
tropical,75,82,40,89.1304347826087,0.5464832003693652,0.4856649790431458,0.6125353484837478,-0.0033259863824045832,1.1102230246251565e-16
tropical,76,82,40,89.1304347826087,0.5405325685876803,0.481620693379943,0.6079751122891992,-0.003454169894991921,1.1102230246251565e-16
tropical,77,82,40,89.1304347826087,0.5342818346644816,0.47758237853367136,0.601711606413678,-0.0033770512693106908,8.326672684688674e-17
tropical,78,82,40,89.1304347826087,0.5294306670852198,0.4736059424758554,0.5962554926344716,-0.003220742584819025,1.1102230246251565e-16
tropical,79,82,40,89.1304347826087,0.5250342184121897,0.4689485207337141,0.5923731018665171,-0.0030730367092812183,5.551115123125783e-17
tropical,80,82,40,89.1304347826087,0.5191604417196264,0.46400761035160704,0.5888129821256084,-0.003007126554795736,5.551115123125783e-17
tropical,81,80,38,86.95652173913044,0.5062545078888517,0.45042228743706697,0.5724399449920411,-0.002991069365793325,5.551115123125783e-17
tropical,82,80,38,86.95652173913044,0.5013823006556504,0.44505715821774355,0.5680469150786186,-0.0029910693657932974,1.1102230246251565e-16
tropical,83,80,38,86.95652173913044,0.49616253539957744,0.4414728585967004,0.5626466324671275,-0.0028879195096391252,5.551115123125783e-17
tropical,84,80,38,86.95652173913044,0.49119106232922427,0.43743280936685364,0.5568779006688773,-0.0028445099890502534,2.7755575615628914e-17
tropical,85,80,38,86.95652173913044,0.48660159714140694,0.4329972609068433,0.551466375981159,-0.002757047887686076,5.551115123125783e-17
tropical,86,80,38,86.95652173913044,0.48238980323650194,0.4288150401441334,0.547251006834702,-0.0027316916519514456,5.551115123125783e-17
tropical,87,80,38,86.95652173913044,0.47751734986865513,0.4250281054492598,0.5416443848164783,-0.0025720084806667987,5.551115123125783e-17
tropical,88,80,38,86.95652173913044,0.4734984708181,0.42054833957299814,0.5376249126816399,-0.002381489333950715,5.551115123125783e-17
tropical,89,80,38,86.95652173913044,0.46872522785494913,0.4160456529320089,0.5325215976708139,-0.002266345600693609,1.1102230246251565e-16
tropical,90,80,38,86.95652173913044,0.4643132421570082,0.4117081627250743,0.5278247735616147,-0.0020945923548566225,8.478733399588934e-5
tropical,91,80,38,86.95652173913044,0.45919265433172124,0.40863929902240104,0.5230804249176961,-0.0019742613814518195,9.54421103293579e-5
tropical,92,80,38,86.95652173913044,0.45383477720257903,0.40409327989525,0.5199629247559372,-0.0019735730343850844,9.54421103293579e-5
tropical,93,80,38,86.95652173913044,0.44936269133183565,0.3989551812133225,0.5162743540063411,-0.001951066265262813,9.798380334583023e-5
tropical,94,80,38,86.95652173913044,0.4453691451984203,0.3947530895010527,0.5116455292664633,-0.0018310891338221558,9.798380334585799e-5
tropical,95,80,38,86.95652173913044,0.4415399984334215,0.39112045199456136,0.5076309658358027,-0.0016537555364092849,1.024672508808111e-4
tropical,96,80,38,86.95652173913044,0.4387420763642945,0.3880809070925309,0.5048099847985971,-0.0014352834839490014,1.0542226036674984e-4
tropical,97,80,38,86.95652173913044,0.4354683261208743,0.3853510811190642,0.5028897227866691,-0.0013072540790044773,1.0508090161710781e-4
tropical,98,80,38,86.95652173913044,0.43276111925749705,0.3826856910856684,0.5009632009174619,-0.0011977724205606555,1.050809016171772e-4
tropical,99,80,38,86.95652173913044,0.4311288308892407,0.3809477343358582,0.4987456256173357,-8.986849002016739e-4,NA
tropical,100,80,38,86.95652173913044,0.4292258351107564,0.37835825193557027,0.4955074526661932,NA,NA
